{"count":1,"self":3210.6153984,"total":13106.6984325,"children":{"InitializeActuators":{"count":12,"self":0.0019997,"total":0.0019997,"children":null},"InitializeSensors":{"count":12,"self":0.0030012999999999997,"total":0.0030012999999999997,"children":null},"AgentSendState":{"count":2556134,"self":612.41697279999994,"total":868.1345637,"children":{"CollectObservations":{"count":6134724,"self":11.4362184,"total":11.436218199999999,"children":null},"WriteActionMask":{"count":6134724,"self":5.4609575999999995,"total":5.4609574,"children":null},"RequestDecision":{"count":6134724,"self":19.287187199999998,"total":238.82039989999998,"children":{"AgentInfo.ToProto":{"count":6134724,"self":17.826264,"total":219.5332119,"children":{"GenerateSensorData":{"count":6134724,"self":169.6116352,"total":201.7069474,"children":{"RayPerceptionSensor.Perceive":{"count":18404172,"self":32.095312,"total":32.095312199999995,"children":null}}}}}}}}},"DecideAction":{"count":2556134,"self":8970.67008,"total":8970.6702336,"children":null},"AgentAct":{"count":2556134,"self":56.136947199999994,"total":56.277066299999994,"children":{"AgentInfo.ToProto":{"count":2611,"self":0.0119752,"total":0.1401161,"children":{"GenerateSensorData":{"count":2611,"self":0.10907349999999999,"total":0.1281409,"children":{"RayPerceptionSensor.Perceive":{"count":7833,"self":0.019067399999999998,"total":0.019067399999999998,"children":null}}}}}}},"AgentInfo.ToProto":{"count":18984,"self":0.13197509999999998,"total":0.99621379999999993,"children":{"GenerateSensorData":{"count":18984,"self":0.72624119999999992,"total":0.86423869999999992,"children":{"RayPerceptionSensor.Perceive":{"count":56952,"self":0.1379975,"total":0.1379975,"children":null}}}}}},"gauges":{"CuriousAgent.CumulativeReward":{"count":21595,"max":3.993799,"min":-2.247241,"runningAverage":1.53548872,"value":1.82139814,"weightedAverage":1.95180166}},"metadata":{"timer_format_version":"0.1.0","start_time_seconds":"1639328785","unity_version":"2020.3.18f1","command_line_arguments":"C:\\Program Files\\Unity\\Hub\\Editor\\2020.3.18f1\\Editor\\Unity.exe -projectpath D:\/Projects\/QLearning -useHub -hubIPC -cloudEnvironment production -hubSessionId b5f43790-5b5d-11ec-818a-539d36bd3cf6 -accessToken Xdkrqaj5cvnmu3XEbpf3NWJIoqePnYIYC73Ta4azrY8006f","communication_protocol_version":"1.5.0","com.unity.ml-agents_version":"2.1.0-exp.1","scene_name":"CuriosityLearning","end_time_seconds":"1639341892"}}